login,password
iam-yrenqevm@test.exness.io,Qwerty123
iam-nnujcoho@test.exness.io,Qwerty123
iam-xhllnazm@test.exness.io,Qwerty123
iam-ppubhldf@test.exness.io,Qwerty123
iam-mgxclcid@test.exness.io,Qwerty123
iam-ftbsmqmk@test.exness.io,Qwerty123
iam-jmjlpxnq@test.exness.io,Qwerty123
iam-tzrwwcmy@test.exness.io,Qwerty123
iam-pzkbexiz@test.exness.io,Qwerty123
iam-shtdhvyh@test.exness.io,Qwerty123
iam-ircygdwm@test.exness.io,Qwerty123
iam-kyabzokc@test.exness.io,Qwerty123
iam-ruynoalu@test.exness.io,Qwerty123
iam-mbvoocoa@test.exness.io,Qwerty123
iam-tgkjgiro@test.exness.io,Qwerty123
iam-vwybkriv@test.exness.io,Qwerty123
iam-tcyzzkel@test.exness.io,Qwerty123
iam-ugoyteob@test.exness.io,Qwerty123
iam-lhoqxmkv@test.exness.io,Qwerty123
iam-vvephnfx@test.exness.io,Qwerty123
iam-yaegnbqk@test.exness.io,Qwerty123
iam-oqigjesy@test.exness.io,Qwerty123
iam-ljzwfqeh@test.exness.io,Qwerty123
iam-dkiedequ@test.exness.io,Qwerty123
iam-bxqusvyb@test.exness.io,Qwerty123
iam-kssgghry@test.exness.io,Qwerty123
iam-qcgtofng@test.exness.io,Qwerty123
iam-gnharskv@test.exness.io,Qwerty123
iam-cswctdfw@test.exness.io,Qwerty123
iam-oxrfbzvp@test.exness.io,Qwerty123
iam-ptzkkwnz@test.exness.io,Qwerty123
iam-asowooqu@test.exness.io,Qwerty123
iam-xyjispen@test.exness.io,Qwerty123
iam-sgqvgwit@test.exness.io,Qwerty123
iam-tgldwlhz@test.exness.io,Qwerty123
iam-ufzuguvd@test.exness.io,Qwerty123
iam-qenvateh@test.exness.io,Qwerty123
iam-jmgdmwcg@test.exness.io,Qwerty123
iam-xmbyvafh@test.exness.io,Qwerty123
iam-uagcabag@test.exness.io,Qwerty123
iam-qnmavdqr@test.exness.io,Qwerty123
iam-vumatgnr@test.exness.io,Qwerty123
iam-kmbellob@test.exness.io,Qwerty123
iam-rqodqfwg@test.exness.io,Qwerty123
iam-cgilcjxs@test.exness.io,Qwerty123
iam-xslkpxfm@test.exness.io,Qwerty123
iam-kicqjwsk@test.exness.io,Qwerty123
iam-xnqzmvvx@test.exness.io,Qwerty123
iam-vebnscns@test.exness.io,Qwerty123
iam-sglfrbkz@test.exness.io,Qwerty123
iam-nfdiotmq@test.exness.io,Qwerty123
iam-snbvcsfp@test.exness.io,Qwerty123
iam-scoogejk@test.exness.io,Qwerty123
iam-ytnsqdcl@test.exness.io,Qwerty123
iam-zisexgir@test.exness.io,Qwerty123
iam-uxxlapwe@test.exness.io,Qwerty123
iam-ynbfnkvm@test.exness.io,Qwerty123
iam-lonbmhyu@test.exness.io,Qwerty123
iam-cuebegxp@test.exness.io,Qwerty123
iam-nxujinen@test.exness.io,Qwerty123
iam-xxbgirnb@test.exness.io,Qwerty123
iam-iqnkesjb@test.exness.io,Qwerty123
iam-ugdfwztb@test.exness.io,Qwerty123
iam-lfjcypac@test.exness.io,Qwerty123
iam-xtcekuox@test.exness.io,Qwerty123
iam-qneznwwu@test.exness.io,Qwerty123
iam-bagqvinm@test.exness.io,Qwerty123
iam-zhdhwexq@test.exness.io,Qwerty123
iam-urlyetjm@test.exness.io,Qwerty123
iam-dtudmsau@test.exness.io,Qwerty123
iam-fkdutgef@test.exness.io,Qwerty123
iam-fzsozrpo@test.exness.io,Qwerty123
iam-ztdublzy@test.exness.io,Qwerty123
iam-dvsciumr@test.exness.io,Qwerty123
iam-xejnbhmw@test.exness.io,Qwerty123
iam-txvwlsfw@test.exness.io,Qwerty123
iam-qsogdtsi@test.exness.io,Qwerty123
iam-vexsutmg@test.exness.io,Qwerty123
iam-btgrufbm@test.exness.io,Qwerty123
iam-zmekgahq@test.exness.io,Qwerty123
iam-tanopteo@test.exness.io,Qwerty123
iam-kqzjbjww@test.exness.io,Qwerty123
iam-oxrvdrgv@test.exness.io,Qwerty123
iam-bocghpln@test.exness.io,Qwerty123
iam-oitxyzct@test.exness.io,Qwerty123
iam-ftvxkzox@test.exness.io,Qwerty123
iam-oyytzdfw@test.exness.io,Qwerty123
iam-psdxwbpj@test.exness.io,Qwerty123
iam-qhmkxozb@test.exness.io,Qwerty123
iam-ifqyzbde@test.exness.io,Qwerty123
iam-cqfmzfbu@test.exness.io,Qwerty123
iam-pxfxdeve@test.exness.io,Qwerty123
iam-volamjjh@test.exness.io,Qwerty123
iam-vwbalvtp@test.exness.io,Qwerty123
iam-ztwmqwxy@test.exness.io,Qwerty123
iam-jayzklkc@test.exness.io,Qwerty123
iam-uavprdfx@test.exness.io,Qwerty123
iam-yojucmza@test.exness.io,Qwerty123
iam-grdnbbry@test.exness.io,Qwerty123
iam-orqvzers@test.exness.io,Qwerty123
iam-ugtnkdse@test.exness.io,Qwerty123
iam-duqedcjn@test.exness.io,Qwerty123
iam-yyvmlomd@test.exness.io,Qwerty123
iam-vztsfeja@test.exness.io,Qwerty123
iam-tpwznfwx@test.exness.io,Qwerty123
iam-ibccrwhm@test.exness.io,Qwerty123
iam-tmrpmagl@test.exness.io,Qwerty123
iam-vdytzovq@test.exness.io,Qwerty123
iam-featmvxn@test.exness.io,Qwerty123
iam-cryqrcnx@test.exness.io,Qwerty123
iam-ckgajwyg@test.exness.io,Qwerty123
iam-ariwivpx@test.exness.io,Qwerty123
iam-buhdcolu@test.exness.io,Qwerty123
iam-osfwybvc@test.exness.io,Qwerty123
iam-acbcdwsw@test.exness.io,Qwerty123
iam-sqqmgjtd@test.exness.io,Qwerty123
iam-ypezlkjw@test.exness.io,Qwerty123
iam-laihyazt@test.exness.io,Qwerty123
iam-crqljutn@test.exness.io,Qwerty123
iam-nccnepgt@test.exness.io,Qwerty123
iam-xryabqyf@test.exness.io,Qwerty123
iam-yaddxthi@test.exness.io,Qwerty123
iam-obzekofi@test.exness.io,Qwerty123
iam-ocypwqrb@test.exness.io,Qwerty123
iam-bmszjxer@test.exness.io,Qwerty123
iam-onijkwqf@test.exness.io,Qwerty123
iam-gzkoaguq@test.exness.io,Qwerty123
iam-jvjjnpgk@test.exness.io,Qwerty123
iam-dtndslsu@test.exness.io,Qwerty123
iam-yvwojgco@test.exness.io,Qwerty123
iam-cabinort@test.exness.io,Qwerty123
iam-nfreyojo@test.exness.io,Qwerty123
iam-jxhuutco@test.exness.io,Qwerty123
iam-sumejyso@test.exness.io,Qwerty123
iam-xujhhpyz@test.exness.io,Qwerty123
iam-mwbhhqow@test.exness.io,Qwerty123
iam-vbbelcbb@test.exness.io,Qwerty123
iam-ldrjnhuy@test.exness.io,Qwerty123
iam-tjtfgkzk@test.exness.io,Qwerty123
iam-hislrpnj@test.exness.io,Qwerty123
iam-mqzrfskt@test.exness.io,Qwerty123
iam-uodckzon@test.exness.io,Qwerty123
iam-lszltbyy@test.exness.io,Qwerty123
iam-aomfbkpv@test.exness.io,Qwerty123
iam-dzwghrvl@test.exness.io,Qwerty123
iam-nnfcvdly@test.exness.io,Qwerty123
iam-rwmlfxai@test.exness.io,Qwerty123
iam-ggoocbdn@test.exness.io,Qwerty123
iam-wsoepmrw@test.exness.io,Qwerty123
iam-ubmuzihn@test.exness.io,Qwerty123
